point_id,latitude,longitude,fetch_N,fetch_NE,fetch_E,fetch_SE,fetch_S,fetch_SW,fetch_W,fetch_NW
00000,40.0915144,-86.073612,39.48,157.82,184.22,104.92,36.41,40.96,86.29,52.68
00001,40.091505,-86.072439,117.31,91.88,84.21,124.3,84.7,91.25,186.3,100.93
00002,40.0924059,-86.0724268,17.31,16.4,26.88,120.32,184.7,182.39,60.05,28.98
00003,40.0896845,-86.0701177,222.7,299.5,445.29,131.46,73.35,74.96,80.89,114.67
00004,40.0905854,-86.0701054,122.69,143.36,426.19,226.31,173.35,115.54,81.29,120.06
00005,40.0914862,-86.0700932,22.69,34.11,251.34,748.95,273.35,120.02,78.06,28.86
00006,40.0896751,-86.0689448,201.51,273.41,345.29,84.89,89.89,105.47,180.89,261.48
00007,40.0905759,-86.0689325,101.51,158.08,326.19,607.52,189.88,216.38,181.28,170.29
00008,40.0914768,-86.0689203,1.51,1.94,151.32,592.92,289.89,256.95,178.05,2.36
00009,40.087864,-86.0677965,13.33,19.05,325.47,58.77,41.06,61.22,41.07,18.66
00010,40.0896657,-86.0677719,217.49,241.26,245.29,466.09,48.86,115.69,280.89,311.7
00011,40.0905665,-86.0677596,117.49,131.99,226.19,451.49,148.85,246.89,281.28,143.78
00012,40.0914673,-86.0677473,17.5,16.66,51.36,333.57,248.85,357.8,278.07,104.65
00013,40.0923682,-86.067735,32.79,47.93,24.74,13.94,16.86,114.74,62.86,38.28
00014,40.0878545,-86.0666236,392.28,200.27,225.46,481.79,25.22,45.48,141.08,62.73
00015,40.0887554,-86.0666113,292.27,235.23,165.34,324.67,125.23,8.73,11.05,453.12
00016,40.0896562,-86.066599,192.28,162.06,145.29,310.07,225.22,86.45,380.89,285.21
00017,40.0905571,-86.0665867,92.27,99.84,126.19,192.15,325.23,257.12,381.28,246.07
00018,40.0860434,-86.0654754,533.3,151.86,166.66,337.19,4.04,4.39,35.2,32.1
00019,40.0869442,-86.0654631,433.31,169.82,111.91,340.38,104.03,69.26,93.79,204.15
00020,40.0878451,-86.0654508,333.3,110.88,125.47,183.26,204.04,133.2,241.07,594.54
00021,40.0887459,-86.0654384,233.3,58.85,65.34,168.64,304.03,186.9,111.04,426.63
00022,40.0896468,-86.0654261,133.3,93.8,45.29,50.73,404.04,150.15,480.89,387.49
00023,40.0905476,-86.0654138,33.3,20.64,26.19,89.19,504.03,227.87,481.28,128.43
00024,40.0824305,-86.0643519,519.43,200.1,9.98,6.82,8.77,32.39,47.34,24.88
00025,40.0833314,-86.0643396,419.43,201.02,167.39,1656.25,108.77,22.41,29.31,121.91
00026,40.0842322,-86.0643272,319.42,178.63,139.32,674.32,208.76,88.46,86.04,92.32
00027,40.0851331,-86.0643149,219.42,112.54,133.77,195.77,308.77,121.42,56.25,173.52
00028,40.0860339,-86.0643026,119.43,61.69,66.66,198.96,408.77,85.93,135.2,345.57
00029,40.0869347,-86.0642902,19.43,10.44,11.91,41.83,508.76,145.8,193.79,735.97
00030,40.0878356,-86.0642779,49.31,28.4,25.47,27.23,50.41,210.68,341.08,568.05
00031,40.0815202,-86.0631915,457.25,183.31,349.06,125.39,13.01,6.81,7.65,24.3
00032,40.082421,-86.0631791,357.25,118.6,199.21,1514.82,113.01,55.86,64.37,263.34
00033,40.0833219,-86.0631668,257.25,58.68,67.39,532.9,213.01,173.83,129.31,233.73
00034,40.0842227,-86.0631544,157.25,59.59,39.32,54.34,313.01,163.83,186.04,314.94
00035,40.0851236,-86.0631421,57.25,37.21,33.77,57.53,413.01,229.88,156.25,486.99
00036,40.0779073,-86.0620682,0.34,1.22,34.5,21.39,23.42,31.01,0.55,0.3
00037,40.0815107,-86.0620187,149.77,140.99,249.06,1373.4,94.06,87.85,107.65,404.76
00038,40.0824115,-86.0620064,49.78,41.9,99.22,391.48,194.05,148.23,164.36,375.16
00039,40.0787987,-86.0608831,399.5,242.53,291.5,725.19,40.12,108.1,20.46,27.51
00040,40.0796995,-86.0608707,299.5,203.44,178.66,825.09,140.11,10.2,6.4,8.64
00041,40.0806003,-86.0608584,199.51,192.14,156.8,1231.98,240.11,38.66,85.54,546.17
00042,40.0815012,-86.060846,99.5,94.36,149.06,250.06,340.11,135.73,207.65,516.58
00043,40.0769874,-86.0597352,543.64,276.33,372.06,100.57,56.47,33.76,33.13,60.73
00044,40.0778883,-86.0597228,443.63,204.27,323.46,583.77,156.48,63.48,52.6,168.93
00045,40.0787891,-86.0597104,343.63,116.39,191.51,683.67,256.47,89.06,120.46,150.06
00046,40.07969,-86.059698,243.63,101.11,78.66,1090.56,356.48,249.53,106.4,687.6
00047,40.0805908,-86.0596856,143.63,62.02,56.8,108.63,456.48,151.62,185.55,658.0
00048,40.0814917,-86.0596732,43.63,50.71,49.06,58.51,556.48,180.09,307.65,139.52
00049,40.0760771,-86.0585749,20.67,303.61,1127.26,28.56,26.06,54.65,18.19,11.93
00050,40.0769779,-86.0585625,266.39,232.77,272.06,442.34,67.95,100.01,133.13,310.35
00051,40.0778788,-86.0585501,166.39,134.91,223.46,542.25,167.95,175.18,152.6,291.48
00052,40.0787796,-86.0585377,66.39,62.85,91.51,949.14,267.95,204.9,220.46,829.02
00053,40.073365,-86.0574395,10.93,946.68,7.28,4.75,6.24,3.24,3.37,6.19
00054,40.0751667,-86.0574147,390.86,266.99,1023.46,214.48,14.51,8.19,9.63,40.51
00055,40.0760675,-86.0574023,290.87,222.78,1027.26,300.92,114.5,64.02,118.19,451.77
00056,40.0769684,-86.0573899,190.86,162.19,172.06,400.83,214.51,196.07,233.12,432.89
00057,40.0778692,-86.0573774,90.87,91.35,123.46,807.71,314.51,241.43,252.6,970.45
00058,40.0742563,-86.0562545,444.33,805.25,134.2,73.06,63.11,144.66,26.72,181.93
00059,40.0751571,-86.0562421,344.34,246.52,923.46,159.5,163.11,84.51,109.63,593.19
00060,40.076058,-86.0562296,244.33,125.56,927.26,259.41,263.12,149.61,218.19,574.32
00061,40.0769588,-86.0562172,144.33,81.36,72.06,666.29,363.11,205.45,333.13,1111.86
00062,40.0778597,-86.0562047,44.32,20.77,23.46,83.03,463.12,337.49,352.6,120.37
00063,40.0742467,-86.0550819,283.89,2091.45,34.19,18.08,15.63,28.46,126.72,734.61
00064,40.0751476,-86.0550694,183.89,663.83,823.46,117.99,115.64,286.08,209.63,715.74
00065,40.0760484,-86.055057,83.89,105.09,827.26,524.87,215.63,225.93,318.19,1253.28
00066,40.075138,-86.0538968,161.67,1950.03,723.46,383.45,79.26,169.88,309.63,1394.7
00067,40.0760389,-86.0538843,61.66,522.4,727.26,499.97,179.27,427.5,418.19,113.55
00068,40.0742276,-86.0527366,351.17,1308.56,634.67,242.03,36.15,35.29,77.67,1536.13
00069,40.0751284,-86.0527241,251.17,1395.64,623.46,358.54,136.14,127.27,409.63,254.99
00070,40.0760293,-86.0527117,151.16,1808.61,627.26,475.07,236.15,311.31,518.18,101.72
00071,40.0769301,-86.0526992,51.16,380.99,920.76,591.58,336.14,568.92,45.14,26.6
00072,40.0733171,-86.0515765,605.06,1855.8,526.16,100.61,86.66,93.01,69.21,1677.55
00073,40.074218,-86.051564,505.06,1634.44,534.68,217.13,186.66,104.7,177.67,396.4
00074,40.0751188,-86.0515515,405.06,1167.15,523.46,333.64,286.66,176.7,509.63,243.15
00075,40.0760197,-86.051539,305.06,1254.22,527.26,450.16,386.67,268.69,618.19,168.02
00076,40.0769205,-86.0515265,205.06,1667.18,820.76,627.95,486.66,452.72,145.14,109.84
00077,40.0778214,-86.051514,105.06,239.56,871.63,731.98,586.67,710.35,61.1,44.64
00078,40.0787222,-86.0515015,5.06,39.24,913.28,750.03,686.66,16.97,6.95,4.14
00079,40.0733075,-86.0504039,642.28,1376.9,426.17,75.7,64.97,116.86,169.21,537.83
00080,40.0742084,-86.0503914,542.28,1714.37,434.68,192.22,164.98,234.43,277.67,384.57
00081,40.0751092,-86.0503789,442.28,1493.02,423.46,308.73,264.97,246.11,609.63,309.44
00082,40.0760101,-86.0503664,342.27,1025.72,427.26,486.53,364.98,318.13,718.18,251.25
00083,40.0769109,-86.0503538,242.28,1112.8,720.76,590.55,464.97,410.12,245.14,186.06
00084,40.0778118,-86.0503413,142.28,1525.76,771.63,608.61,564.98,594.16,161.11,145.56
00085,40.0787126,-86.0503288,42.28,98.15,813.28,612.59,664.97,851.77,106.95,35.49
00086,40.0805143,-86.0503038,22.97,20.7,95.81,39.44,8.49,5.98,8.42,50.91
00087,40.0732979,-86.0492313,685.13,1012.04,326.17,50.8,43.6,78.42,269.21,525.99
00088,40.0741988,-86.0492188,585.12,1235.51,334.68,167.32,143.6,258.3,377.67,450.86
00089,40.0750996,-86.0492062,485.13,1572.95,323.46,345.1,243.6,375.86,709.63,392.68
00090,40.0760005,-86.0491937,385.12,1351.59,327.26,449.14,343.6,387.54,818.18,327.48
00091,40.0769013,-86.0491812,285.12,884.3,620.76,467.19,443.6,459.55,345.13,286.98
00092,40.0778021,-86.0491686,185.13,971.38,671.62,471.16,543.59,551.54,261.11,176.91
00093,40.078703,-86.0491561,85.12,1384.34,713.28,451.04,643.6,735.57,206.95,85.15
00094,40.0814055,-86.0491185,70.15,44.65,64.32,817.04,22.01,28.71,71.87,18.13
00095,40.084108,-86.0490809,32.95,577.72,720.64,970.35,32.9,2.3,1.55,2.09
00096,40.0850089,-86.0490684,25.56,26.84,920.01,1008.37,41.06,30.69,59.37,41.32
00097,40.0732883,-86.0480587,873.33,307.51,226.17,25.9,22.22,39.98,369.21,592.28
00098,40.0741891,-86.0480461,773.34,870.61,234.67,203.68,122.22,219.83,477.66,534.1
00099,40.07509,-86.0480336,673.33,1094.07,223.46,307.71,222.23,399.72,809.63,468.9
00100,40.0759908,-86.048021,573.33,1431.53,227.25,325.76,322.22,517.28,918.2,428.41
00101,40.0768917,-86.0480085,473.33,1210.17,520.76,329.74,422.23,528.96,445.13,318.33
00102,40.0777925,-86.047996,373.33,742.88,571.63,309.62,522.22,600.97,361.1,226.57
00103,40.0786934,-86.0479834,273.33,829.96,613.28,367.67,622.23,692.96,306.94,129.24
00104,40.0795942,-86.0479709,173.33,1242.92,615.28,554.9,722.22,876.99,82.08,140.48
00105,40.080495,-86.0479583,73.34,31.32,620.16,675.62,822.22,105.63,70.71,159.55
00106,40.0822967,-86.0479332,396.23,1174.93,791.08,759.56,24.7,17.48,24.76,91.29
00107,40.0831976,-86.0479207,296.22,1130.36,531.42,828.94,124.7,76.23,83.73,143.51
00108,40.0840984,-86.0479081,196.23,501.81,620.66,866.95,224.7,124.26,101.55,182.75
00109,40.0849993,-86.0478956,96.22,436.3,820.02,869.67,324.7,143.72,159.37,64.95
00110,40.114727,-86.0474811,68.74,65.62,79.38,1643.42,40.76,27.4,35.78,57.22
00111,40.0732786,-86.0468861,1460.14,199.11,126.17,62.26,59.85,58.38,469.21,675.52
00112,40.0741795,-86.0468735,1360.14,166.08,134.68,166.29,159.86,181.4,577.67,610.32
00113,40.0750803,-86.046861,1260.14,729.2,123.46,184.35,259.85,361.26,909.63,569.83
00114,40.0759812,-86.0468484,1160.14,952.65,127.26,188.32,359.86,541.14,1018.19,459.75
00115,40.076882,-86.0468358,1060.14,1290.11,420.76,168.19,459.85,658.7,545.15,368.0
00116,40.0777829,-86.0468233,960.13,1068.75,471.64,226.25,559.86,670.38,461.1,270.66
00117,40.0786837,-86.0468107,860.14,601.46,513.28,413.48,659.86,742.39,406.95,281.9
00118,40.0795846,-86.0467981,760.13,688.53,515.27,534.2,759.86,834.39,182.09,300.96
00119,40.0804854,-86.0467856,660.14,1101.5,520.17,590.12,859.86,1018.41,170.7,54.29
00120,40.0813862,-86.046773,560.14,1109.45,618.03,618.14,959.85,26.21,31.13,232.71
00121,40.0822871,-86.0467605,460.14,1090.09,691.09,687.52,1059.86,88.58,124.76,284.93
00122,40.0831879,-86.0467479,360.14,1033.51,431.41,725.53,1159.85,158.9,183.73,324.17
00123,40.0840888,-86.0467353,260.14,988.93,520.69,728.25,1259.86,217.66,201.55,206.38
00124,40.0849896,-86.0467228,160.14,360.39,720.0,729.39,1359.86,265.67,259.36,139.04
00125,40.0858904,-86.0467102,60.14,294.88,787.36,807.6,1459.85,285.14,96.98,59.1
00126,40.1138165,-86.0463204,82.28,64.72,107.95,1502.01,13.58,11.02,19.91,198.64
00127,40.073269,-86.0457135,1575.4,33.67,26.17,24.87,23.91,52.78,569.21,751.74
00128,40.0741698,-86.0457009,1475.42,57.69,34.68,42.93,123.9,199.8,677.66,711.25
00129,40.0750707,-86.0456883,1375.42,24.66,23.46,46.9,223.91,322.82,1009.63,601.17
00130,40.0759715,-86.0456757,1275.44,587.77,27.25,26.77,323.9,502.68,1118.2,509.42
00131,40.0768724,-86.0456632,1175.4,811.24,320.77,84.83,423.91,682.56,645.12,412.09
00132,40.0777732,-86.0456506,1075.42,1148.69,371.63,272.06,523.9,800.12,561.11,423.32
00133,40.0786741,-86.045638,975.42,927.32,413.28,392.78,623.91,811.8,506.94,442.38
00134,40.0795749,-86.0456254,875.43,460.03,415.27,448.69,723.9,883.81,282.09,195.72
00135,40.0804757,-86.0456129,775.41,547.12,420.17,476.72,823.9,975.79,270.7,374.12
00136,40.0813766,-86.0456003,675.41,960.08,518.04,546.1,923.91,1159.84,131.13,426.35
00137,40.0822774,-86.0455877,575.42,968.03,591.08,584.11,1023.9,167.63,224.75,465.59
00138,40.0831783,-86.0455751,475.42,948.66,331.41,586.83,1123.91,230.01,283.74,347.8
00139,40.0840791,-86.0455625,375.43,892.08,420.66,587.96,1223.9,300.33,301.55,280.47
00140,40.0849799,-86.04555,275.41,847.52,620.0,666.18,1323.9,359.07,359.36,200.51
00141,40.0858808,-86.0455374,175.41,218.97,687.36,447.38,1423.91,407.1,196.97,114.52
00142,40.0867816,-86.0455248,75.42,153.46,684.59,514.92,1523.9,426.56,77.72,16.88
00143,40.0885833,-86.0454996,37.16,24.42,49.48,199.82,62.34,40.69,70.16,83.08
00144,40.1047984,-86.045273,12.01,6.31,6.84,20.64,69.55,43.02,42.82,14.03
00145,40.112906,-86.0451597,105.72,86.39,104.24,1360.59,39.75,28.24,28.48,340.06
00146,40.1138068,-86.0451471,5.72,4.71,7.96,153.53,139.74,75.79,119.9,28.85
00147,40.0768627,-86.0444905,1224.67,446.35,220.76,130.64,61.18,644.11,745.14,564.74
00148,40.0777635,-86.0444779,1124.67,669.78,271.62,251.35,161.17,823.97,661.11,583.82
00149,40.0786644,-86.0444653,1024.67,1007.27,313.28,307.27,261.18,941.54,606.95,337.14
00150,40.0795652,-86.0444527,924.67,785.91,315.27,335.29,361.18,953.22,382.09,515.56
00151,40.0804661,-86.0444401,824.66,318.61,320.17,404.67,461.18,1025.24,370.7,567.78
00152,40.0813669,-86.0444275,724.67,405.69,418.03,442.68,561.18,1117.22,231.14,607.01
00153,40.0822678,-86.0444149,624.66,818.65,491.08,445.4,661.19,1301.26,324.77,489.22
00154,40.0831686,-86.0444023,524.66,826.61,231.41,446.54,761.18,309.05,383.74,421.89
00155,40.0840694,-86.0443897,424.67,807.24,320.64,524.76,861.18,371.42,401.55,341.94
00156,40.0849703,-86.0443772,324.67,750.66,520.01,305.96,961.18,441.75,459.36,255.94
00157,40.0858711,-86.0443646,224.68,706.1,587.36,373.5,1061.18,500.49,296.97,158.3
00158,40.086772,-86.044352,124.67,77.55,584.59,428.58,1161.18,548.52,177.71,133.3
00159,40.0876728,-86.0443394,24.68,12.04,12.9,58.45,1261.18,567.98,92.49,224.5
00160,40.0930778,-86.0442638,96.55,277.5,471.57,175.16,54.0,21.47,18.29,31.48
00161,40.1083921,-86.0440494,162.58,397.0,564.72,187.55,5.16,2.59,2.84,8.64
00162,40.1092929,-86.0440368,62.59,340.54,712.57,1082.31,105.16,35.84,26.39,35.52
00163,40.1119955,-86.043999,108.38,80.32,192.7,1219.16,19.02,19.18,50.92,481.49
00164,40.1128963,-86.0439864,8.39,3.98,4.24,12.1,119.01,97.98,128.48,170.25
00165,40.076853,-86.0433178,1150.0,302.0,120.76,109.93,94.8,100.38,845.15,725.24
00166,40.0777539,-86.0433052,1049.99,304.93,171.63,165.85,194.8,785.53,761.11,478.56
00167,40.0786547,-86.0432926,950.0,528.37,213.28,193.88,294.8,965.4,706.95,656.98
00168,40.0795555,-86.04328,850.0,865.85,215.27,263.25,394.8,1082.96,482.09,709.2
00169,40.0804564,-86.0432674,749.99,644.49,220.17,301.26,494.8,1094.64,470.7,748.43
00170,40.0813572,-86.0432548,650.0,177.2,318.03,303.99,594.8,1166.65,331.13,630.64
00171,40.0822581,-86.0432422,549.99,264.28,391.09,305.12,694.8,1258.64,424.76,563.31
00172,40.0831589,-86.0432296,450.0,677.24,131.41,383.35,794.8,1442.67,483.73,483.35
00173,40.0840598,-86.043217,349.99,685.2,220.7,164.54,894.81,450.47,501.55,397.36
00174,40.0849606,-86.0432043,250.0,665.82,420.0,232.07,994.8,512.85,559.37,299.72
00175,40.0858614,-86.0431917,150.0,609.24,487.35,287.15,1094.8,583.17,396.98,274.73
00176,40.0867623,-86.0431791,49.99,564.67,484.59,390.33,1194.8,641.92,277.72,80.05
00177,40.0921673,-86.0431034,261.82,1067.93,451.83,33.74,15.55,16.25,42.61,172.91
00178,40.0930682,-86.0430908,161.81,983.0,371.54,686.02,115.56,110.86,118.3,137.81
00179,40.093969,-86.0430782,61.82,136.07,381.1,476.97,215.55,162.9,90.22,54.11
00180,40.099374,-86.0430025,1.59,1.95,10.27,26.01,10.62,7.36,10.21,2.66
00181,40.1074816,-86.0428889,540.38,578.1,469.38,46.13,18.88,18.79,72.96,150.05
00182,40.1083824,-86.0428762,440.38,348.6,464.72,940.89,118.88,127.03,102.84,176.94
00183,40.1092833,-86.0428636,340.38,255.58,612.59,997.99,218.89,144.01,126.39,112.75
00184,40.1101841,-86.042851,240.38,199.12,824.79,1047.93,318.88,177.26,60.43,43.92
00185,40.1110849,-86.0428384,140.39,136.36,171.49,1077.75,418.88,15.97,20.86,622.89
00186,40.1119858,-86.0428257,40.38,41.38,92.7,628.18,518.89,87.6,150.92,99.62
00187,40.0768433,-86.0421452,629.73,33.37,20.76,24.43,51.58,134.28,945.14,619.98
00188,40.0777442,-86.0421325,529.72,160.57,71.63,52.45,151.58,241.81,861.11,798.42
00189,40.078645,-86.0421199,429.73,163.51,113.28,121.83,251.57,926.95,806.96,850.62
00190,40.0795459,-86.0421073,329.72,386.97,115.28,159.84,351.58,1106.83,582.08,889.84
00191,40.0804467,-86.0420947,229.73,724.43,120.17,162.57,451.58,1224.38,570.7,772.06
00192,40.0813475,-86.0420821,129.73,503.07,218.03,163.71,551.58,1236.06,431.13,704.73
00193,40.0822484,-86.0420694,29.72,35.77,291.08,241.93,651.58,1308.08,524.76,624.78
00194,40.0831492,-86.0420568,635.06,122.85,31.41,23.11,32.97,1400.06,583.73,538.79
00195,40.0840501,-86.0420442,535.05,535.81,120.69,90.66,132.98,1584.11,601.55,441.14
00196,40.0849509,-86.0420315,435.07,543.76,320.0,145.73,232.97,591.9,659.37,416.15
00197,40.0858517,-86.0420189,335.07,524.4,387.35,248.9,332.97,654.26,496.98,221.48
00198,40.0867526,-86.0420063,235.06,467.82,384.59,339.34,432.97,724.59,377.72,81.48
00199,40.0876534,-86.0419937,135.06,423.26,378.65,433.84,532.97,783.33,42.94,47.31
00200,40.0885543,-86.041981,35.06,323.8,385.03,506.33,632.97,29.45,15.86,18.31
00201,40.0903559,-86.0419558,14.9,17.03,24.55,541.14,36.33,8.94,7.13,10.38
00202,40.0921576,-86.0419305,297.42,1005.58,351.83,544.6,82.2,64.79,142.61,279.23
00203,40.0930585,-86.0419179,197.42,926.51,271.55,335.55,182.21,157.67,218.3,195.53
00204,40.0939593,-86.0419052,97.42,841.58,281.09,406.56,282.21,252.28,190.23,106.19
00205,40.0993643,-86.0418294,6.99,892.05,587.47,38.6,32.16,49.19,23.39,7.42
00206,40.1002652,-86.0418168,381.77,869.19,488.89,999.26,47.79,39.07,43.99,40.52
00207,40.101166,-86.0418042,281.77,797.23,440.59,1088.68,147.78,57.51,64.0,93.99
00208,40.1020669,-86.0417915,181.77,703.7,533.4,1142.79,247.79,94.2,65.53,85.2
00209,40.1029677,-86.0417789,81.77,616.48,608.97,1169.89,347.79,88.87,58.61,52.62
00210,40.1047694,-86.0417536,12.9,19.09,67.72,634.51,95.25,102.99,68.39,15.61
00211,40.1074719,-86.0417157,492.29,1127.27,369.37,799.47,45.17,54.19,172.97,318.36
00212,40.1083727,-86.041703,392.29,436.7,364.72,856.56,145.17,160.21,202.84,254.18
00213,40.1092736,-86.0416904,292.29,207.17,512.59,906.51,245.17,268.46,226.39,185.33
00214,40.1101744,-86.0416777,192.28,114.16,724.78,936.31,345.17,285.43,160.44,764.34
00215,40.1110752,-86.0416651,92.29,57.7,71.49,486.76,445.16,318.68,120.87,241.07
00216,40.0786353,-86.0409472,428.36,19.15,13.28,18.42,61.07,383.22,906.96,1031.27
00217,40.0795362,-86.0409346,328.36,22.09,15.28,21.14,161.09,1068.38,682.08,913.48
00218,40.080437,-86.040922,228.36,245.55,20.18,22.28,261.09,1248.24,670.7,846.15
00219,40.0813378,-86.0409093,128.37,583.01,118.03,100.5,361.07,1365.81,531.13,766.2
00220,40.0822387,-86.0408967,28.36,361.64,191.09,155.46,461.09,1377.48,624.76,35.61
00221,40.0840404,-86.0408714,718.51,404.67,20.7,4.32,4.51,15.96,701.55,557.57
00222,40.0849412,-86.0408587,618.53,394.38,220.0,107.48,104.5,1725.52,759.37,362.9
00223,40.085842,-86.0408461,518.52,402.35,287.36,197.92,204.5,733.31,596.98,222.9
00224,40.0867429,-86.0408335,418.51,382.98,284.59,292.42,304.51,795.69,477.71,188.73
00225,40.0876437,-86.0408208,318.52,326.4,278.65,364.91,404.5,866.01,142.95,159.73
00226,40.0885446,-86.0408082,218.51,281.83,285.03,406.98,504.51,924.76,115.85,94.01
00227,40.0894454,-86.0407955,118.52,182.38,249.39,399.71,604.5,170.87,46.5,151.81
00228,40.0903462,-86.0407829,18.52,358.1,199.09,394.54,704.5,20.03,8.22,8.05
00229,40.0912471,-86.0407702,444.59,271.89,175.57,403.18,46.51,46.05,75.11,420.65
00230,40.0921479,-86.0407576,344.59,231.62,251.84,194.12,146.51,126.74,242.61,336.95
00231,40.0930488,-86.0407449,244.59,864.15,171.54,265.14,246.52,206.22,318.3,247.61
00232,40.0939496,-86.0407323,144.59,785.09,181.1,339.93,346.51,299.09,290.22,138.65
00233,40.0948504,-86.0407196,44.59,700.17,710.77,223.47,446.51,393.7,91.92,84.76
00234,40.0984538,-86.040669,691.86,461.86,620.96,2.15,0.8,0.77,1.66,12.87
00235,40.0993546,-86.0406564,591.87,786.92,487.47,857.83,100.8,47.62,123.38,181.94
00236,40.1002555,-86.0406437,491.86,750.62,388.88,947.26,200.81,190.62,143.99,235.42
00237,40.1011563,-86.0406311,391.87,727.78,340.59,1001.37,300.8,180.49,164.01,226.62
00238,40.1020571,-86.0406184,291.87,655.8,433.39,1028.46,400.8,198.94,165.54,194.05
00239,40.102958,-86.0406058,191.86,562.29,508.97,915.0,500.8,235.61,158.61,140.79
00240,40.1038588,-86.0405931,91.87,475.06,555.27,493.09,600.8,230.3,99.6,157.04
00241,40.1056605,-86.0405678,555.7,338.27,520.3,582.84,65.1,0.51,0.32,0.41
00242,40.1065613,-86.0405551,455.71,1156.79,394.34,658.05,165.11,17.17,17.19,459.78
00243,40.1074622,-86.0405425,355.7,1086.64,269.37,715.15,265.1,83.89,272.97,395.59
00244,40.108363,-86.0405298,255.7,985.85,264.72,765.08,365.11,195.61,302.84,326.76
00245,40.1092638,-86.0405172,155.71,295.28,412.57,794.9,465.08,301.63,326.38,905.74
00246,40.1101647,-86.0405045,55.7,65.75,624.79,345.34,565.1,409.88,260.43,382.47
00247,40.0813281,-86.0397366,262.97,104.12,18.04,14.04,28.61,1389.66,631.13,177.04
00248,40.082229,-86.0397239,162.97,441.58,91.08,111.65,128.61,1507.23,724.76,82.82
00249,40.0831298,-86.0397113,62.97,220.22,407.01,133.5,228.62,1518.9,24.84,27.69
00250,40.0849315,-86.0396859,628.03,263.25,120.0,56.5,61.85,157.36,859.37,364.32
00251,40.0858323,-86.0396733,528.04,252.97,187.36,151.0,161.84,1866.94,696.97,330.16
00252,40.0867332,-86.0396606,428.03,260.93,184.59,223.49,261.85,874.74,577.72,301.15
00253,40.087634,-86.039648,328.03,241.56,178.65,265.56,361.85,937.11,242.94,235.44
00254,40.0885348,-86.0396353,228.04,184.98,185.03,258.29,461.84,1007.43,215.86,293.23
00255,40.0894357,-86.0396226,128.03,140.4,149.38,253.11,561.85,1066.19,146.5,149.47
00256,40.0903365,-86.03961,28.04,40.96,99.09,261.77,661.85,312.28,108.22,562.07
00257,40.0912374,-86.0395973,616.43,216.67,75.57,52.71,40.12,161.45,175.12,478.37
00258,40.0921382,-86.0395847,516.44,130.48,151.84,123.72,140.11,187.46,342.61,389.03
00259,40.093039,-86.039572,416.44,90.19,71.57,198.5,240.11,268.17,418.3,280.08
00260,40.0939399,-86.0395593,316.43,722.73,81.1,82.05,340.11,347.64,390.22,226.17
00261,40.0948407,-86.0395467,216.44,643.67,610.78,130.37,440.11,440.51,191.9,87.08
00262,40.0957416,-86.039534,116.43,558.74,628.98,442.96,540.12,535.13,47.95,49.84
00263,40.0966424,-86.0395213,16.44,17.62,578.67,512.79,640.11,48.01,52.16,43.45
00264,40.0984441,-86.039496,1360.99,350.97,520.96,716.41,38.07,42.41,101.66,323.37
00265,40.0993449,-86.0394833,1261.0,320.44,387.46,805.84,138.06,142.19,223.38,376.85
00266,40.1002457,-86.0394707,1161.0,645.5,288.9,859.95,238.06,189.03,243.99,368.04
00267,40.1011466,-86.039458,1060.99,609.2,240.59,887.04,338.06,332.04,264.01,335.47
00268,40.1020474,-86.0394453,961.0,586.35,333.4,773.57,438.06,321.91,265.54,282.22
00269,40.1029483,-86.0394326,860.99,514.37,408.97,351.66,538.07,340.37,258.62,298.45
00270,40.1038491,-86.03942,760.99,420.87,455.27,311.07,638.06,377.04,199.59,138.61
00271,40.1047499,-86.0394073,661.0,333.64,441.99,441.41,738.06,371.72,97.47,141.83
00272,40.1056508,-86.0393946,560.99,258.37,420.29,516.63,838.07,136.48,100.32,601.21
00273,40.1065516,-86.039382,460.99,196.85,294.34,573.73,938.06,141.92,117.19,537.01
00274,40.1074524,-86.0393693,361.0,1015.38,169.38,623.66,1038.06,158.59,372.96,468.18
00275,40.1083533,-86.0393566,260.99,945.21,164.72,653.47,1138.07,225.31,402.84,1047.18
00276,40.1092541,-86.0393439,161.0,844.43,312.57,203.91,1238.06,337.03,426.39,523.9
00277,40.1101549,-86.0393313,61.0,153.86,524.77,258.36,1338.06,443.05,360.44,64.54
00278,40.0804175,-86.0385765,52.51,12.87,10.89,19.17,39.61,16.69,11.02,19.78
00279,40.0831201,-86.0385385,147.05,300.16,307.01,53.5,84.62,1648.65,124.84,119.1
00280,40.0840209,-86.0385258,47.06,78.8,308.06,352.69,184.62,1660.33,73.0,47.93
00281,40.0849218,-86.0385131,596.64,122.9,20.01,9.58,10.24,29.23,959.37,471.58
00282,40.0858226,-86.0385005,496.66,121.83,87.36,82.07,110.24,298.79,796.97,442.57
00283,40.0867234,-86.0384878,396.66,111.55,84.59,124.13,210.23,2008.36,677.72,376.86
00284,40.0876243,-86.0384751,296.65,119.51,78.65,116.87,310.24,1016.16,342.95,434.65
00285,40.0885251,-86.0384624,196.64,100.13,85.03,111.69,410.23,1078.53,315.86,290.9
00286,40.0894259,-86.0384498,96.67,43.56,49.4,120.35,510.23,1148.85,246.49,703.5
00287,40.0921285,-86.0384117,89.36,75.25,51.83,57.08,84.22,302.88,442.63,421.49
00288,40.094831,-86.0383737,1805.05,581.32,510.77,301.53,90.86,489.06,291.89,191.26
00289,40.0957318,-86.038361,1705.05,502.25,528.98,371.37,190.85,581.93,147.95,184.88
00290,40.0966327,-86.0383483,1605.05,417.32,478.67,473.0,290.86,676.55,152.16,54.18
00291,40.0975335,-86.0383356,1505.05,357.39,448.08,574.99,390.86,48.42,54.65,464.79
00292,40.0984343,-86.038323,1405.05,277.32,420.97,664.42,490.85,106.65,201.64,518.26
00293,40.0993352,-86.0383103,1305.05,209.55,287.46,718.53,590.86,183.83,323.35,509.46
00294,40.100236,-86.0382976,1205.05,179.02,188.89,745.62,690.86,283.61,343.99,476.89
00295,40.1011368,-86.0382849,1105.06,504.08,140.59,632.16,790.85,330.46,364.01,423.64
00296,40.1020377,-86.0382722,1005.05,467.78,233.4,210.24,890.86,473.46,365.54,439.88
00297,40.1029385,-86.0382595,905.06,444.93,308.97,169.64,990.85,463.33,358.62,280.03
00298,40.1038394,-86.0382469,805.05,372.96,355.28,300.0,1090.86,481.78,299.59,283.25
00299,40.1047402,-86.0382342,705.05,279.45,341.99,375.21,1190.86,518.46,197.46,742.62
00300,40.105641,-86.0382215,605.06,192.22,320.3,432.3,1290.85,513.14,200.32,678.44
00301,40.1065419,-86.0382088,505.05,116.95,194.34,482.24,1390.86,277.89,217.19,609.6
00302,40.1074427,-86.0381961,405.05,55.43,69.37,512.05,1490.86,283.35,472.96,1188.59
00303,40.1083435,-86.0381834,305.06,873.95,64.72,62.49,1590.85,300.01,502.83,665.33
00304,40.1092444,-86.0381707,205.05,803.79,212.58,116.95,1690.86,366.73,526.39,205.94
00305,40.1101452,-86.038158,105.06,703.01,424.78,203.35,1790.85,478.45,460.44,104.49
00306,40.111046,-86.0381453,5.06,12.44,586.27,289.76,1890.85,584.47,11.9,5.02
00307,40.0831103,-86.0373657,156.51,253.01,207.0,211.27,33.29,29.84,224.85,189.35
00308,40.0840112,-86.037353,56.5,158.74,208.06,257.47,133.3,1790.07,173.0,78.34
00309,40.0939204,-86.0372134,853.34,493.31,320.91,160.11,19.33,19.17,45.37,332.69
00310,40.0948212,-86.0372007,753.34,493.04,410.77,229.94,119.33,126.84,391.92,326.3
00311,40.0957221,-86.037188,653.33,439.89,428.98,331.58,219.34,630.48,247.95,195.6
00312,40.0966229,-86.0371753,553.34,360.83,378.67,433.57,319.33,723.36,252.16,606.21
00313,40.0975238,-86.0371626,453.33,275.89,348.08,523.0,419.34,817.97,154.65,659.69
00314,40.0984246,-86.0371499,353.33,215.97,320.96,577.1,519.34,189.84,301.66,650.89
00315,40.0993254,-86.0371372,253.34,135.9,187.46,604.2,619.33,248.08,423.39,618.31
00316,40.1002263,-86.0371245,153.33,68.12,88.88,490.72,719.34,325.25,443.99,565.07
00317,40.1011271,-86.0371118,53.33,37.6,40.58,68.82,819.33,425.03,464.01,581.3
00318,40.1020279,-86.0370991,560.23,362.65,133.39,28.22,18.34,471.88,465.54,421.45
00319,40.1029288,-86.0370864,460.22,326.36,208.97,158.58,118.35,614.88,458.62,424.68
00320,40.1038296,-86.0370737,360.23,303.51,255.27,233.78,218.35,604.76,399.6,884.05
00321,40.1047304,-86.037061,260.23,231.54,241.99,290.88,318.34,623.2,297.47,819.86
00322,40.1056313,-86.0370483,160.22,138.02,220.29,340.82,418.35,659.88,300.32,751.02
00323,40.1065321,-86.0370356,60.23,50.79,94.34,370.63,518.35,654.56,317.19,1330.01
00324,40.1092346,-86.0369975,228.82,732.53,112.57,61.93,71.67,441.43,626.39,245.91
00325,40.1101355,-86.0369848,128.81,662.37,324.79,148.34,171.68,508.16,560.43,146.43
00326,40.1110363,-86.0369721,28.82,561.59,486.28,234.75,271.68,619.87,111.89,29.14
00327,40.0812989,-86.0362183,417.23,67.11,3.19,2.2,3.03,57.48,83.71,72.64
00328,40.0821997,-86.0362056,317.23,151.42,66.36,69.84,103.03,81.52,73.28,330.78
00329,40.0831006,-86.0361929,217.23,152.94,107.0,116.05,203.04,114.13,324.85,219.76
00330,40.0840014,-86.0361802,117.23,111.59,108.06,151.22,303.03,171.27,273.0,103.38
00331,40.0849023,-86.0361675,17.22,17.31,40.76,152.69,403.04,1931.49,60.23,29.04
00332,40.0930098,-86.0360532,795.08,463.01,50.38,18.69,16.45,21.73,31.08,474.1
00333,40.0939106,-86.0360405,695.09,408.31,220.91,88.53,116.45,79.09,145.35,467.73
00334,40.0948115,-86.0360277,595.08,351.88,310.77,190.16,216.45,160.6,491.9,337.02
00335,40.0957123,-86.036015,495.08,351.61,328.98,292.14,316.45,268.26,347.96,747.63
00336,40.0966132,-86.0360023,395.08,298.47,278.67,381.58,416.46,771.9,352.16,801.11
00337,40.097514,-86.0359896,295.08,219.4,248.08,435.68,516.45,864.78,254.64,792.31
00338,40.0984148,-86.0359769,195.09,134.48,220.97,462.78,616.45,959.38,401.65,759.73
00339,40.0993157,-86.0359642,95.08,74.55,87.46,349.31,716.46,331.26,523.35,706.48
00340,40.1020182,-86.035926,495.82,171.49,33.4,17.15,16.84,34.56,565.54,566.1
00341,40.102919,-86.0359133,395.83,221.23,108.97,92.36,116.83,613.3,558.62,1025.47
00342,40.1038199,-86.0359006,295.82,184.94,155.27,149.46,216.84,756.31,499.6,961.28
00343,40.1047207,-86.0358879,195.82,162.09,141.99,199.4,316.84,746.18,397.46,892.44
00344,40.1056215,-86.0358752,95.83,90.12,120.3,229.22,416.84,764.62,400.32,1471.42
00345,40.1092249,-86.0358243,396.59,609.62,12.59,6.92,8.01,31.19,726.39,287.85
00346,40.1101257,-86.0358116,296.59,591.11,224.78,93.33,108.01,582.85,660.43,170.56
00347,40.1110265,-86.0357988,196.59,520.95,386.27,187.63,208.0,649.57,211.9,103.95
00348,40.1119274,-86.0357861,96.59,420.16,397.84,291.78,308.01,761.3,61.03,135.01
00349,40.1164315,-86.0357225,155.48,752.26,661.58,583.32,14.88,3.5,2.97,5.24
00350,40.1173324,-86.0357098,55.47,256.27,663.15,369.42,114.87,2.51,1.83,3.22
00351,40.1209357,-86.0356589,47.08,18.52,19.37,132.01,46.88,29.29,24.02,39.56
00352,40.0830908,-86.0350202,162.57,10.01,7.01,9.81,51.1,222.9,424.84,244.79
00353,40.0839917,-86.0350075,62.56,11.53,8.06,11.28,151.11,255.54,372.99,170.47
00354,40.0939009,-86.0348675,591.93,321.59,120.92,48.74,43.5,163.16,245.38,478.44
00355,40.0948017,-86.0348548,491.93,266.89,210.77,150.73,143.49,220.51,591.9,889.05
00356,40.0957025,-86.034842,391.93,210.46,228.98,240.15,243.49,302.01,447.96,942.53
00357,40.0966034,-86.0348293,291.93,210.19,178.67,294.26,343.49,409.69,452.16,933.73
00358,40.0975042,-86.0348166,191.93,157.05,148.08,321.36,443.49,913.32,354.64,901.15
00359,40.0984051,-86.0348039,91.93,77.98,120.96,207.89,543.5,1006.2,501.66,847.9
00360,40.1029092,-86.0347402,329.66,30.06,8.97,8.04,15.51,175.98,658.62,1102.7
00361,40.1038101,-86.0347275,229.65,79.81,55.27,57.98,115.52,754.73,599.59,1033.86
00362,40.1047109,-86.0347147,129.65,43.52,41.99,87.78,215.51,897.72,497.47,1612.86
00363,40.1056118,-86.034702,29.65,20.66,20.29,40.08,315.52,887.6,500.32,121.5
00364,40.1101159,-86.0346383,964.68,468.18,124.77,46.21,44.37,172.57,760.44,245.37
00365,40.1110168,-86.0346256,864.67,449.68,286.28,150.36,144.37,724.28,311.88,276.43
00366,40.1119176,-86.0346129,764.67,379.53,297.85,255.97,244.37,790.99,161.02,88.44
00367,40.1128184,-86.0346001,664.68,278.75,317.79,354.28,344.37,902.71,42.97,46.09
00368,40.1137193,-86.0345874,564.67,224.61,325.9,406.94,444.37,37.83,35.92,67.72
00369,40.1146201,-86.0345746,464.67,735.8,189.25,421.51,544.37,68.46,56.01,92.27
00370,40.1155209,-86.0345619,364.68,679.69,157.43,441.9,644.37,90.09,76.71,146.66
00371,40.1164218,-86.0345492,264.67,632.22,561.58,228.0,744.38,117.51,102.97,144.64
00372,40.1173226,-86.0345364,164.67,610.84,563.15,237.59,844.37,144.92,101.84,116.06
00373,40.1182234,-86.0345237,64.67,114.86,545.87,413.98,944.37,143.94,75.68,59.59
00374,40.0938911,-86.0336945,520.84,164.29,20.91,9.3,9.6,25.66,345.37,1030.48
00375,40.0947919,-86.0336818,420.85,180.17,110.77,98.73,109.59,304.58,691.91,1083.95
00376,40.0956928,-86.0336691,320.84,125.46,128.99,152.85,209.6,361.94,547.95,1075.14
00377,40.0965936,-86.0336563,220.84,69.04,78.67,179.93,309.6,443.44,552.16,1042.58
00378,40.0974944,-86.0336436,120.85,68.77,48.09,66.48,409.59,551.1,454.64,989.32
00379,40.0983953,-86.0336308,20.84,15.63,20.96,64.18,509.6,1054.74,601.66,109.39
00380,40.1101061,-86.0334651,988.41,279.42,24.77,8.93,8.57,18.88,860.44,417.85
00381,40.111007,-86.0334523,888.41,326.76,186.28,114.55,108.58,314.02,411.89,229.86
00382,40.1119078,-86.0334396,788.41,308.27,197.84,212.86,208.58,865.7,261.03,187.51
00383,40.1128086,-86.0334268,688.41,238.11,217.79,265.51,308.57,932.41,142.97,209.15
00384,40.1137095,-86.0334141,588.4,137.32,225.9,280.09,408.58,1044.14,135.92,233.68
00385,40.1146103,-86.0334013,488.41,83.18,89.25,300.47,508.58,179.25,156.01,288.09
00386,40.1155111,-86.0333886,388.41,594.39,57.43,86.58,608.57,209.87,176.7,286.06
00387,40.116412,-86.0333758,288.41,538.26,461.58,96.17,708.58,231.51,202.97,257.48
00388,40.1173128,-86.0333631,188.4,490.8,463.15,272.56,808.58,258.93,201.83,201.01
00389,40.1182136,-86.0333503,88.41,469.42,445.87,449.84,908.57,286.34,175.69,106.0
00390,40.1200153,-86.0333248,14.3,16.57,371.53,645.76,87.54,57.13,92.42,74.15
00391,40.0947821,-86.0325088,175.62,22.87,10.77,11.42,24.66,167.07,791.92,1216.57
00392,40.095683,-86.0324961,75.62,38.75,28.99,38.52,124.67,446.0,647.95,1183.99
00393,40.1109972,-86.0322791,396.03,138.0,86.28,71.44,74.57,160.32,511.88,328.93
00394,40.111898,-86.0322663,296.04,185.34,97.84,124.09,174.57,455.42,361.03,350.57
00395,40.1127988,-86.0322536,196.04,166.85,117.79,138.67,274.57,1007.11,242.97,375.1
00396,40.1136997,-86.0322408,96.03,96.69,125.9,159.06,374.57,1073.84,235.92,429.51
00397,40.1164022,-86.0322025,612.13,452.96,361.58,131.14,65.33,351.29,302.97,342.43
00398,40.117303,-86.0321897,512.14,396.84,363.15,308.42,165.33,372.93,301.84,247.41
00399,40.1182038,-86.0321769,412.14,349.37,345.86,423.65,265.33,400.35,275.69,137.25
00400,40.1191047,-86.0321642,312.13,328.01,324.12,504.34,365.33,427.76,97.61,215.57
00401,40.1200055,-86.0321514,212.14,1221.48,271.53,514.38,465.33,138.59,192.42,99.27
00402,40.1209063,-86.0321386,112.14,614.26,225.49,505.83,565.32,118.32,62.09,67.36
00403,40.1218072,-86.0321258,12.14,178.66,253.67,464.1,665.33,61.27,10.49,7.96
00404,40.112789,-86.0310803,137.25,43.92,17.79,17.63,80.05,596.84,342.97,570.92
00405,40.1136899,-86.0310675,37.24,25.42,25.9,53.05,180.04,1148.54,335.92,132.53
00406,40.1163924,-86.0310291,724.9,333.79,261.58,167.01,94.52,106.62,402.97,388.83
00407,40.1172932,-86.0310164,624.9,311.54,263.15,282.24,194.51,492.71,401.83,278.66
00408,40.118194,-86.0310036,524.91,255.42,245.87,362.92,294.51,514.35,375.68,357.0
00409,40.1190949,-86.0309908,424.9,207.95,224.12,372.96,394.52,541.77,197.61,240.69
00410,40.1199957,-86.030978,324.9,186.58,171.53,364.41,494.51,569.18,292.43,208.78
00411,40.1208965,-86.0309652,224.91,1080.06,125.5,322.69,594.51,280.01,162.08,149.38
00412,40.1217974,-86.0309524,124.9,472.83,153.67,196.87,694.52,259.74,110.48,74.22
00413,40.1226982,-86.0309396,24.9,37.24,763.39,195.72,794.51,202.69,44.17,37.31
00414,40.1154817,-86.0298686,907.53,233.98,98.36,25.58,17.72,20.38,77.27,530.26
00415,40.1163825,-86.0298558,807.53,220.5,161.58,140.81,117.71,135.18,502.97,420.09
00416,40.1172834,-86.029843,707.52,192.37,163.15,221.5,217.72,248.04,501.84,498.41
00417,40.1181842,-86.0298302,607.53,170.12,145.87,231.54,317.72,634.14,475.68,382.12
00418,40.119085,-86.0298174,507.53,114.0,124.12,222.99,417.71,655.77,297.61,350.2
00419,40.1199859,-86.0298046,407.52,66.53,71.53,181.27,517.72,683.19,392.43,290.8
00420,40.1208867,-86.0297918,307.53,45.16,25.5,55.47,617.72,710.6,262.08,215.64
00421,40.1217875,-86.029779,207.53,938.64,53.67,54.3,717.71,421.43,210.49,178.74
00422,40.1226884,-86.0297662,107.52,331.41,663.39,98.03,817.72,401.15,144.17,62.5
00423,40.1235892,-86.0297534,7.52,38.86,640.63,309.04,917.72,22.94,8.75,5.72
00424,40.1389033,-86.0295356,359.27,259.82,174.5,312.08,68.71,36.05,36.86,53.69
00425,40.1398041,-86.0295227,259.28,294.99,154.59,292.91,168.71,52.93,36.6,48.06
00426,40.140705,-86.0295099,159.28,218.94,192.52,212.41,268.72,49.02,34.67,39.2
00427,40.1416058,-86.0294971,59.28,156.35,210.29,232.69,368.71,7.1,4.94,6.88
00428,40.1163727,-86.0286825,348.28,92.56,61.58,80.08,99.42,161.8,602.96,639.84
00429,40.1172735,-86.0286696,248.27,79.08,63.15,90.11,199.42,276.61,601.84,523.54
00430,40.1181744,-86.0286568,148.27,50.95,45.86,81.56,299.42,389.46,575.68,491.62
00431,40.1190752,-86.028644,48.27,28.7,24.12,39.85,399.42,775.56,397.61,432.22
00432,40.1226785,-86.0285927,288.92,797.21,563.39,167.63,45.86,562.86,244.17,147.15
00433,40.1235794,-86.0285799,188.91,189.98,540.63,369.37,145.87,542.58,108.75,59.21
00434,40.1244802,-86.0285671,88.92,73.29,463.18,519.57,245.87,4.48,2.41,4.75
00435,40.1352902,-86.0284132,938.07,173.93,347.19,109.34,58.43,104.76,52.74,69.45
00436,40.136191,-86.0284003,838.06,167.5,140.49,595.56,158.43,69.69,54.37,74.31
00437,40.1370918,-86.0283875,738.07,148.84,119.86,740.14,258.42,75.05,28.74,41.78
00438,40.1379926,-86.0283747,638.07,119.27,106.05,170.66,358.42,45.72,67.7,195.11
00439,40.1388935,-86.0283618,538.06,70.89,74.49,151.49,458.43,119.32,136.87,189.48
00440,40.1397943,-86.028349,438.06,118.39,54.6,70.99,558.42,177.47,136.59,180.62
00441,40.1406951,-86.0283362,338.07,153.57,92.52,91.27,658.42,194.34,134.66,148.3
00442,40.141596,-86.0283233,238.06,77.51,110.29,136.15,758.43,190.44,104.94,117.12
00443,40.1424968,-86.0283105,138.06,14.93,11.14,159.57,858.43,148.52,72.16,73.92
00444,40.1433976,-86.0282977,38.07,16.76,12.83,19.79,958.42,76.27,47.92,51.9
00445,40.1217679,-86.0274321,331.3,476.59,437.31,26.27,2.59,1.93,2.88,288.56
00446,40.1226687,-86.0274193,231.31,485.11,463.39,227.93,102.58,76.3,344.17,200.63
00447,40.1235695,-86.0274064,131.31,655.79,440.63,378.14,202.58,704.28,208.76,146.18
00448,40.1244703,-86.0273936,31.32,48.58,363.18,491.02,302.58,684.0,102.41,85.53
00449,40.1352803,-86.0272395,330.09,120.78,247.19,454.14,80.53,92.93,152.74,215.72
00450,40.1361811,-86.0272266,230.08,32.5,40.5,598.71,180.53,246.18,154.38,183.2
00451,40.137082,-86.0272138,130.09,26.08,19.86,29.23,280.54,211.11,128.74,336.54
00452,40.1379828,-86.027201,30.11,7.42,6.05,10.08,380.54,216.46,167.71,330.9
00453,40.1415861,-86.0271496,16.47,12.15,10.29,18.16,92.58,335.76,204.94,215.34
00454,40.121758,-86.0262587,619.27,396.21,337.31,86.51,39.42,51.23,102.87,342.06
00455,40.1226588,-86.0262458,519.28,335.17,363.39,236.72,139.42,143.34,444.17,287.6
00456,40.1235597,-86.026233,419.27,343.69,340.63,349.61,239.43,217.72,308.75,226.91
00457,40.1244605,-86.0262201,319.27,514.37,263.17,449.63,339.42,845.7,202.41,54.94
00458,40.1253613,-86.0262073,219.27,827.21,231.47,506.48,439.42,56.34,60.1,79.87
00459,40.1262621,-86.0261944,119.28,768.74,263.22,508.76,539.42,82.26,49.57,57.71
00460,40.127163,-86.0261816,19.27,724.21,334.83,328.89,639.42,42.74,16.78,13.27
00461,40.132568,-86.0261044,375.93,263.86,458.53,21.86,14.81,16.22,25.64,62.04
00462,40.1334688,-86.0260916,275.94,249.51,507.98,165.56,114.8,41.94,40.32,75.26
00463,40.1343696,-86.0260787,175.94,155.74,180.58,312.72,214.8,73.5,80.02,357.15
00464,40.1352704,-86.0260658,75.94,61.59,147.2,457.29,314.8,123.35,252.75,324.62
00465,40.1217481,-86.0250853,738.04,318.93,237.31,95.3,70.48,75.33,202.86,429.01
00466,40.122649,-86.0250724,638.04,254.79,263.39,208.19,170.49,192.65,544.17,368.32
00467,40.1235498,-86.0250595,538.05,193.75,240.63,308.2,270.49,284.77,408.75,196.36
00468,40.1244506,-86.0250466,438.05,202.25,163.17,365.05,370.49,359.14,302.41,221.3
00469,40.1253514,-86.0250338,338.05,372.96,131.46,367.34,470.48,987.11,160.1,199.13
00470,40.1262523,-86.0250209,238.04,685.79,163.22,187.46,570.49,197.77,149.57,154.69
00471,40.1271531,-86.025008,138.05,627.32,234.82,207.13,670.49,223.68,116.79,132.56
00472,40.1280539,-86.0249952,38.05,582.79,265.8,250.98,770.48,184.17,43.15,28.58
00473,40.1325581,-86.0249308,312.59,693.31,358.53,24.14,16.65,22.99,125.63,216.69
00474,40.1334589,-86.0249179,212.59,122.44,407.97,171.3,116.65,157.64,140.32,498.57
00475,40.1343597,-86.024905,112.6,108.08,80.58,315.87,216.65,183.37,180.02,466.05
00476,40.1352606,-86.0248922,12.59,14.32,47.19,113.66,316.65,214.92,352.74,23.54
00477,40.1217382,-86.0239118,1370.4,223.62,137.3,66.76,59.14,99.48,302.87,509.78
00478,40.1226391,-86.0238989,1270.39,177.5,163.39,166.78,159.15,216.76,644.18,337.78
00479,40.1235399,-86.0238861,1170.4,113.37,140.63,223.64,259.15,334.07,508.75,362.71
00480,40.1244407,-86.0238732,1070.4,52.34,63.18,225.92,359.14,426.18,402.41,340.55
00481,40.1253416,-86.0238603,970.39,60.85,31.47,46.04,459.15,500.56,260.11,296.11
00482,40.1262424,-86.0238474,870.39,231.53,63.22,65.71,559.15,1128.54,249.57,273.98
00483,40.1271432,-86.0238345,770.39,544.36,134.82,109.55,659.14,339.19,216.79,170.0
00484,40.128044,-86.0238216,670.4,485.9,165.79,168.12,759.14,365.1,143.15,97.17
00485,40.1289449,-86.0238087,570.39,441.36,326.35,245.35,859.15,325.6,65.92,58.57
00486,40.1298457,-86.0237958,470.39,354.72,382.27,251.71,959.14,57.08,26.89,29.29
00487,40.1307465,-86.023783,370.4,216.26,379.37,348.88,1059.14,40.13,29.13,48.08
00488,40.1316474,-86.0237701,270.39,77.78,315.58,445.82,1159.15,57.74,65.22,91.18
00489,40.1325482,-86.0237572,170.4,807.51,258.53,29.88,1259.15,127.61,225.63,639.99
00490,40.133449,-86.0237443,70.4,551.89,307.97,174.45,1359.14,164.4,240.32,607.46
00491,40.1217283,-86.0227384,258.27,87.25,37.3,25.36,31.3,64.18,402.86,479.21
00492,40.1226292,-86.0227255,158.26,82.2,63.39,82.21,131.31,240.91,744.17,504.13
00493,40.12353,-86.0227126,58.26,36.08,40.63,84.49,231.31,358.17,608.75,481.97
00494,40.1271333,-86.022661,554.05,90.11,34.82,26.7,43.04,1269.96,316.78,238.58
00495,40.1280341,-86.0226481,454.05,402.94,65.79,103.9,143.04,480.61,243.15,199.99
00496,40.128935,-86.0226352,354.04,344.48,226.35,110.29,243.05,506.52,165.92,170.7
00497,40.1298358,-86.0226223,254.05,299.94,282.28,207.47,343.05,467.02,126.88,189.51
00498,40.1307366,-86.0226094,154.05,213.31,279.37,304.4,443.04,198.49,129.13,232.6
00499,40.1316375,-86.0225965,54.04,74.83,215.58,366.11,543.05,181.56,165.22,78.09
00500,40.1325383,-86.0225836,225.48,732.11,158.53,33.03,22.85,31.62,325.63,748.88
00501,40.1334391,-86.0225707,125.49,666.1,207.97,177.61,122.85,269.03,340.32,91.14
00502,40.1343399,-86.0225578,25.49,410.47,369.11,251.34,222.84,305.82,27.51,19.98
00503,40.1289251,-86.0214616,351.91,261.52,126.35,66.05,58.77,622.04,265.92,330.94
00504,40.1298259,-86.0214487,251.91,203.05,182.27,162.97,158.77,647.94,226.88,374.03
00505,40.1307267,-86.0214358,151.91,158.52,179.37,224.68,258.77,608.44,229.13,219.52
00506,40.1316275,-86.0214229,51.92,71.89,115.58,259.09,358.77,339.92,265.21,75.02
00507,40.1325284,-86.02141,429.66,117.7,58.54,36.19,25.03,34.65,425.63,232.56
00508,40.1334292,-86.021397,329.69,590.68,107.97,109.92,125.03,173.04,440.32,161.4
00509,40.13433,-86.0213841,229.68,524.67,269.11,145.77,225.03,410.45,127.51,80.24
00510,40.1352309,-86.0213712,129.67,269.04,436.21,232.59,325.04,447.25,33.03,36.89
00511,40.1361317,-86.0213583,29.67,154.59,478.53,322.55,425.03,20.51,9.74,10.37
00512,40.139735,-86.0213066,248.81,324.63,250.28,658.2,32.42,18.42,21.46,69.69
00513,40.1406358,-86.0212936,148.81,247.62,251.35,669.87,132.43,70.26,68.63,105.91
00514,40.1415366,-86.0212807,48.82,122.36,490.56,368.93,232.42,108.48,62.6,43.83
00515,40.1289151,-86.0202881,333.77,110.35,26.35,21.55,30.65,63.79,365.92,515.44
00516,40.129816,-86.0202751,233.75,120.09,82.27,83.26,130.65,763.46,326.88,360.94
00517,40.1307168,-86.0202622,133.76,61.63,79.37,117.66,230.65,789.36,329.13,216.44
00518,40.1316176,-86.0202493,33.77,17.1,15.58,32.04,330.65,749.86,365.21,71.94
00519,40.1334193,-86.0202234,408.23,504.96,7.98,4.36,5.02,19.13,540.32,221.66
00520,40.1343201,-86.0202105,308.23,449.27,169.11,91.17,105.02,314.46,227.51,178.31
00521,40.1352209,-86.0201975,208.23,383.25,336.2,181.12,205.01,551.87,133.03,151.8
00522,40.1361218,-86.0201846,108.23,127.62,378.52,263.7,305.02,588.67,109.74,105.79
00523,40.1370226,-86.0201716,8.23,13.17,42.99,361.08,405.01,161.94,33.98,10.43
00524,40.1388242,-86.0201458,386.06,212.39,170.9,516.78,77.04,37.93,41.32,211.1
00525,40.1397251,-86.0201328,286.05,766.06,150.27,528.45,177.05,98.26,121.47,247.32
00526,40.1406259,-86.0201199,186.06,183.2,151.35,227.51,277.05,159.84,168.62,185.24
00527,40.1415267,-86.0201069,86.06,106.2,390.56,212.38,377.05,211.69,162.6,93.94
00528,40.1343102,-86.0190368,289.67,363.53,69.11,39.7,43.14,160.55,327.51,293.22
00529,40.135211,-86.0190239,189.67,307.84,236.21,122.28,143.14,455.89,233.02,247.21
00530,40.1361118,-86.0190109,89.68,241.83,278.52,219.66,243.14,693.29,209.75,151.85
00531,40.1379135,-86.018985,465.47,115.65,146.96,375.36,73.66,62.88,85.87,352.54
00532,40.1388143,-86.018972,365.47,81.21,70.89,387.03,173.66,130.23,141.33,388.75
00533,40.1397151,-86.0189591,265.48,70.96,50.28,86.09,273.66,179.35,221.46,326.67
00534,40.140616,-86.0189461,165.47,624.64,51.35,70.96,373.67,239.68,268.63,235.35
00535,40.1415168,-86.0189332,65.48,41.78,290.57,87.55,473.66,301.26,262.59,121.0
00536,40.135201,-86.0178502,358.26,222.12,136.2,78.23,75.89,301.94,333.03,293.28
00537,40.1361019,-86.0178372,258.25,166.42,178.52,165.46,175.9,597.31,309.75,125.91
00538,40.1370027,-86.0178243,158.26,100.41,133.39,233.94,275.9,834.72,69.28,493.95
00539,40.1379035,-86.0178113,58.26,36.32,46.96,245.62,375.9,118.69,185.86,530.17
00540,40.1415068,-86.0177594,26.74,483.22,190.56,139.53,31.34,381.09,362.6,23.97
00541,40.1351911,-86.0166765,237.56,115.17,36.2,24.03,28.23,86.5,433.03,267.33
00542,40.1360919,-86.0166636,137.57,80.7,78.53,92.52,128.23,443.39,409.74,635.37
00543,40.1369927,-86.0166506,37.57,25.0,33.4,104.21,228.23,738.72,169.28,671.59
00544,40.1414969,-86.0165856,367.93,360.17,90.56,70.68,99.02,99.81,462.6,78.31
00545,40.1423977,-86.0165727,267.92,341.8,127.6,133.64,199.02,522.51,31.62,37.95
00546,40.1432985,-86.0165597,167.93,285.16,343.92,175.26,299.01,31.57,22.57,32.69
00547,40.1441993,-86.0165467,67.93,185.85,247.79,230.97,399.01,31.61,16.69,18.83
00548,40.1423877,-86.0153989,333.95,218.76,27.6,33.84,86.8,241.23,131.62,174.11
00549,40.1432885,-86.0153859,233.95,200.38,243.92,89.55,186.8,663.93,122.57,160.25
00550,40.1441894,-86.0153729,133.94,143.73,147.79,180.38,286.81,172.99,116.68,123.96
00551,40.1450902,-86.0153599,33.95,44.42,103.49,407.85,386.81,173.02,79.8,40.15
00552,40.1432786,-86.0142121,203.07,77.34,143.92,38.96,41.12,382.65,222.57,265.38
00553,40.1441794,-86.014199,103.07,58.95,47.78,266.43,141.11,805.36,216.69,181.58
00554,40.1450802,-86.014186,3.08,2.31,3.48,44.12,241.11,314.42,179.81,11.19
00555,40.1432686,-86.0130383,122.88,90.27,43.92,125.01,55.78,20.6,322.57,322.99
00556,40.1441694,-86.0130252,22.88,17.86,21.2,122.02,155.79,5.76,3.81,5.06
00557,40.1423477,-86.0107037,240.36,207.38,179.62,143.61,36.95,22.58,49.85,127.63
00558,40.1432485,-86.0106907,140.38,50.73,62.03,207.82,136.94,128.51,81.2,45.37
00559,40.1441493,-86.0106776,40.38,17.21,17.42,36.43,236.94,33.89,23.18,40.82
00560,40.1468518,-86.0106384,40.59,107.83,51.37,36.76,30.53,129.65,53.64,52.2
00561,40.1414368,-86.0095431,375.27,45.62,3.46,2.19,2.81,21.05,49.08,269.05
00562,40.1423377,-86.00953,275.26,139.46,79.63,66.4,102.82,102.88,149.86,186.78
00563,40.1432385,-86.0095169,175.27,65.96,97.23,122.91,202.81,164.0,18.52,19.81
00564,40.1441393,-86.0095038,75.27,16.59,15.43,31.86,302.81,32.13,24.96,46.17
00565,40.1468418,-86.0094645,0.08,0.14,21.94,32.16,22.87,34.35,0.33,0.09
00566,40.1477426,-86.0094515,41.63,32.89,51.02,5.52,3.25,3.95,36.37,27.98
00567,40.1468217,-86.0071168,14.07,9.24,12.2,7.51,1.44,1.17,1.81,63.76
00568,40.1468116,-86.005943,19.17,12.45,16.29,136.35,41.76,31.5,18.67,77.85
